Given Name,Surname,Organization,Country,Gender,Serial Number,Email
Diana,Davis,OrgC,Canada,Female,2024356232,diana.davis@example.com
Hannah,Martinez,OrgE,UK,Male,2024983137,hannah.martinez@mail.com
John,Garcia,OrgA,Australia,Female,2024669029,john.garcia@mail.com
Alice,Johnson,OrgB,USA,Female,2024636323,alice.johnson@mail.com
Hannah,Davis,OrgA,USA,Female,2024133881,hannah.davis@test.com
Bob,Davis,OrgD,USA,Male,2024030877,bob.davis@mail.com
Jane,Martinez,OrgD,Australia,Female,2024722253,jane.martinez@mail.com
John,Williams,OrgC,Germany,Female,2024570114,john.williams@example.com
Charlie,Jones,OrgB,Germany,Female,2024004438,charlie.jones@mail.com
Alice,Wilson,OrgD,UK,Male,2024423339,alice.wilson@test.com
